{
  "2026": {
    "1": 0.363025,
    "2": 0.862716,
    "3": 1.437346,
    "4": 2.311728
  }
}